weighted_polls,weighted_var,weighted_sd
0.5101174577496275,1.5484485983384194e-4,0.012443667459147321
