weighted_polls,weighted_var,weighted_sd
0.5110205700792824,1.4276191620682277e-4,0.011948301812677095
