weighted_polls,weighted_var,weighted_sd
0.5128340625303291,1.3976760384203248e-4,0.011822334957276099
