weighted_polls,weighted_var,weighted_sd
0.5123152134716112,1.476526507753318e-4,0.01215124070929927
