weighted_polls,weighted_var,weighted_sd
0.5067516104436974,1.5644287350737937e-4,0.012507712560951317
