weighted_polls,weighted_var,weighted_sd
0.5059952533358525,1.6732320454179332e-4,0.012935347097847561
