weighted_polls,weighted_var,weighted_sd
0.5074245499132457,1.469581073000073e-4,0.012122627904048168
